{"stats":{"minecraft:killed_by":{"minecraft:skeleton":1},"minecraft:dropped":{"tacz:modern_kinetic_gun":1},"minecraft:killed":{"minecraft:cow":1},"minecraft:used":{"minecraft:dirt":3},"minecraft:custom":{"minecraft:time_since_rest":854,"minecraft:crouch_one_cm":101,"minecraft:walk_one_cm":5864,"minecraft:play_time":4918,"minecraft:sprint_one_cm":5761,"minecraft:damage_taken":260,"minecraft:deaths":1,"minecraft:sneak_time":97,"minecraft:walk_under_water_one_cm":165,"minecraft:mob_kills":1,"minecraft:drop":1,"minecraft:jump":37,"minecraft:time_since_death":1724,"minecraft:walk_on_water_one_cm":715,"minecraft:total_world_time":4918,"minecraft:swim_one_cm":3803,"minecraft:fall_one_cm":3754,"minecraft:fly_one_cm":13698},"minecraft:mined":{"minecraft:dirt":3},"minecraft:picked_up":{"tacz:modern_kinetic_gun":1,"minecraft:oak_sapling":1,"minecraft:dirt":3}},"DataVersion":3465}