{"stats":{"minecraft:killed_by":{"minecraft:skeleton":4,"minecraft:creeper":2},"minecraft:killed":{"minecraft:cow":1},"minecraft:used":{"minecraft:dirt":3,"minecraft:crafting_table":1,"tombstone:gift":2},"minecraft:custom":{"minecraft:time_since_rest":1,"minecraft:crouch_one_cm":1065,"minecraft:damage_taken":1735,"minecraft:sprint_one_cm":29304,"minecraft:play_time":17735,"minecraft:deaths":6,"minecraft:walk_one_cm":25374,"minecraft:sneak_time":376,"minecraft:walk_under_water_one_cm":165,"minecraft:mob_kills":1,"minecraft:drop":7,"minecraft:jump":248,"minecraft:leave_game":3,"minecraft:walk_on_water_one_cm":1188,"minecraft:time_since_death":378,"minecraft:total_world_time":17735,"minecraft:interact_with_crafting_table":4,"minecraft:talked_to_villager":1,"minecraft:swim_one_cm":3803,"minecraft:fall_one_cm":10499,"minecraft:fly_one_cm":81232},"minecraft:crafted":{"minecraft:oak_planks":12,"minecraft:crafting_table":1,"minecraft:stick":4},"minecraft:picked_up":{"minecraft:rotten_flesh":2,"tacz:modern_kinetic_gun":2,"minecraft:oak_log":3,"minecraft:poppy":1,"minecraft:oak_sapling":1,"minecraft:dirt":3},"minecraft:dropped":{"minecraft:oak_planks":1,"tombstone:grave_dust":1,"minecraft:rotten_flesh":2,"minecraft:poppy":1,"tacz:modern_kinetic_gun":2},"minecraft:mined":{"minecraft:grass":5,"minecraft:oak_log":3,"minecraft:dirt":3,"minecraft:fire":16}},"DataVersion":3465}