{"stats":{"minecraft:killed_by":{"minecraft:skeleton":2},"minecraft:dropped":{"tacz:modern_kinetic_gun":2},"minecraft:killed":{"minecraft:cow":1},"minecraft:used":{"minecraft:dirt":3},"minecraft:custom":{"minecraft:time_since_rest":1,"minecraft:crouch_one_cm":101,"minecraft:walk_one_cm":13965,"minecraft:play_time":9478,"minecraft:sprint_one_cm":16647,"minecraft:damage_taken":535,"minecraft:deaths":2,"minecraft:sneak_time":111,"minecraft:walk_under_water_one_cm":165,"minecraft:mob_kills":1,"minecraft:drop":2,"minecraft:jump":140,"minecraft:leave_game":1,"minecraft:time_since_death":1364,"minecraft:walk_on_water_one_cm":715,"minecraft:total_world_time":9478,"minecraft:swim_one_cm":3803,"minecraft:fall_one_cm":5634,"minecraft:fly_one_cm":56779},"minecraft:mined":{"minecraft:dirt":3},"minecraft:picked_up":{"tacz:modern_kinetic_gun":2,"minecraft:oak_sapling":1,"minecraft:dirt":3}},"DataVersion":3465}