{"stats":{"minecraft:killed_by":{"minecraft:skeleton":3},"minecraft:used":{"alexsmobs:animal_dictionary":1},"minecraft:custom":{"minecraft:jump":160,"minecraft:time_since_rest":1,"minecraft:deaths":3,"minecraft:damage_dealt":53,"minecraft:damage_taken":775,"minecraft:play_time":7052,"minecraft:sprint_one_cm":40774,"minecraft:time_since_death":92,"minecraft:walk_on_water_one_cm":1978,"minecraft:walk_one_cm":7026,"minecraft:climb_one_cm":632,"minecraft:total_world_time":7052,"minecraft:walk_under_water_one_cm":1125,"minecraft:swim_one_cm":28955,"minecraft:fall_one_cm":5952,"minecraft:fly_one_cm":37998},"minecraft:picked_up":{"minecraft:arrow":1,"minecraft:bone":2,"minecraft:wheat_seeds":1},"minecraft:mined":{"minecraft:grass":5}},"DataVersion":3465}